[
  {
    "id": "1",
    "shape": "dag-node",
    "x": 290,
    "y": 110,
    "data": {
      "label": "读数据",
      "status": "success",
      "selected": false
    },
    "ports": [
      {
        "id": "1-1",
        "group": "bottom"
      }
    ]
  },
  {
    "id": "2",
    "shape": "dag-node",
    "x": 290,
    "y": 225,
    "data": {
      "label": "逻辑回归",
      "status": "success",
      "selected": false
    },
    "ports": [
      {
        "id": "2-1",
        "group": "top"
      },
      {
        "id": "2-2",
        "group": "bottom"
      },
      {
        "id": "2-3",
        "group": "bottom"
      }
    ]
  },
  {
    "id": "3",
    "shape": "dag-node",
    "x": 170,
    "y": 350,
    "data": {
      "label": "模型预测",
      "status": "success",
      "selected": false
    },
    "ports": [
      {
        "id": "3-1",
        "group": "top"
      },
      {
        "id": "3-2",
        "group": "bottom"
      }
    ]
  },
  {
    "id": "4",
    "shape": "dag-node",
    "x": 450,
    "y": 350,
    "data": {
      "label": "读取参数",
      "status": "success",
      "selected": false
    },
    "ports": [
      {
        "id": "4-1",
        "group": "top"
      },
      {
        "id": "4-2",
        "group": "bottom"
      }
    ]
  },
  {
    "id": "5",
    "shape": "dag-edge",
    "source": {
      "cell": "1",
      "port": "1-1"
    },
    "target": {
      "cell": "2",
      "port": "2-1"
    },
    "label": "上一规则节点触发",
    "zIndex": 0
  },
  {
    "id": "6",
    "shape": "dag-edge",
    "source": {
      "cell": "2",
      "port": "2-2"
    },
    "target": {
      "cell": "3",
      "port": "3-1"
    },
    "label": "上一规则节点触发",
    "zIndex": 0
  },
  {
    "id": "7",
    "shape": "dag-edge",
    "source": {
      "cell": "2",
      "port": "2-3"
    },
    "target": {
      "cell": "4",
      "port": "4-1"
    },
    "label": "上一规则节点触发",
    "zIndex": 0
  }
]